Id,Predictions
1,Very Old
2,Recent
3,Recent
4,New
5,New
6,Very Old
7,Recent
8,Very Old
9,Recent
10,Very Old
11,Very Old
12,Recent
13,New
14,Old
15,New
16,Old
17,Very Old
18,Very Old
19,New
20,Recent
21,Old
22,Very Old
23,New
24,New
25,Old
26,New
27,Very Old
28,New
29,Recent
30,Recent
31,Recent
32,New
33,New
34,New
35,Recent
36,Old
37,New
38,Old
39,Old
40,Recent
41,Very Old
42,Old
43,Recent
44,Old
45,Recent
46,Recent
47,Old
48,Recent
49,Very Old
50,Recent
51,Very Old
52,Old
53,Old
54,Very Old
55,Very Old
56,Recent
57,Very Old
58,Old
59,Recent
60,Very Old
61,Very Old
62,Very Old
63,Recent
64,Recent
65,New
66,New
67,Old
68,New
69,Very Old
70,Old
71,Recent
72,Recent
73,Very Old
74,New
75,Very Old
76,Recent
77,Recent
78,Very Old
79,New
80,Old
81,Recent
82,Recent
83,Very Old
84,Recent
85,Old
86,Old
87,Recent
88,Very Old
89,Old
90,Very Old
91,New
92,Very Old
93,Very Old
94,Old
95,Recent
96,Old
97,Very Old
98,Old
99,New
100,Recent
101,New
102,Old
103,Very Old
104,Recent
105,Recent
106,Old
107,New
108,Old
109,Recent
110,Old
111,Old
112,New
113,Very Old
114,Very Old
115,Old
116,Recent
117,Very Old
118,New
119,New
120,Old
121,Old
122,Old
123,New
124,Recent
125,Very Old
126,Recent
127,Recent
128,New
129,Very Old
130,Recent
131,New
132,Old
133,New
134,New
135,New
136,New
137,Recent
138,Old
139,Very Old
140,Recent
141,Old
142,New
143,Recent
144,Very Old
145,Very Old
146,New
147,New
148,Old
149,Recent
150,Recent
151,Very Old
152,New
153,Recent
154,New
155,Very Old
156,Recent
157,Very Old
158,Very Old
159,Very Old
160,Recent
161,Very Old
162,Recent
163,New
164,Old
165,Old
166,New
167,Recent
168,Old
169,Old
170,Old
171,Very Old
172,Very Old
173,Recent
174,Very Old
175,Old
176,Very Old
177,Old
178,Old
179,Very Old
180,Recent
181,Very Old
182,New
183,Very Old
184,New
185,Recent
186,Very Old
187,Recent
188,Very Old
189,Very Old
190,New
191,Very Old
192,New
193,New
194,Very Old
195,Recent
196,Very Old
197,Old
198,New
199,Old
200,Old
201,New
202,Old
203,Very Old
204,Very Old
205,New
206,Recent
207,Old
208,Recent
209,New
210,Recent
211,Very Old
212,Very Old
213,Very Old
214,Very Old
215,Very Old
216,Very Old
217,Old
218,Old
219,New
220,New
221,Old
222,New
223,Very Old
224,Recent
225,Old
226,Very Old
227,Very Old
228,New
229,Old
230,Old
231,Very Old
232,New
233,Very Old
234,Old
235,Old
236,New
237,Very Old
238,Old
239,Very Old
240,Very Old
241,Recent
242,Very Old
243,Old
244,Very Old
245,Old
246,Old
247,Old
248,Recent
249,Very Old
250,New
251,Old
252,Recent
253,Very Old
254,Recent
255,Recent
256,Old
257,Recent
258,Very Old
259,Old
260,Very Old
261,Very Old
262,Very Old
263,Old
264,Very Old
265,New
266,New
267,New
268,New
269,Very Old
270,Old
271,Very Old
272,Recent
273,Very Old
274,New
275,Recent
276,Very Old
277,Old
278,Old
279,Recent
280,Very Old
281,Old
282,New
283,Very Old
284,Old
285,Old
286,Old
287,New
288,New
289,Recent
290,Old
291,New
292,Very Old
293,Very Old
294,Old
295,New
296,Old
297,Very Old
298,Old
299,New
300,Old
301,Very Old
302,New
303,Very Old
304,Old
305,Old
306,Old
307,Very Old
308,Old
309,Recent
310,Recent
311,Very Old
312,Very Old
313,Old
314,Very Old
315,Old
316,Recent
317,Very Old
318,Very Old
319,Very Old
320,Very Old
321,Recent
322,Old
323,Old
324,Recent
325,New
326,Old
327,Very Old
328,Very Old
329,New
330,Very Old
331,Very Old
332,Recent
333,New
334,Very Old
335,Very Old
336,Old
337,Very Old
338,Very Old
339,New
340,Old
341,Recent
342,Very Old
343,Old
344,Very Old
345,New
346,New
347,Very Old
348,Very Old
349,Recent
350,Old
351,Very Old
352,Very Old
353,New
354,Old
355,Very Old
356,New
357,Very Old
358,Old
359,Very Old
360,Old
361,New
362,Old
363,Old
364,Old
365,New
366,Recent
367,Recent
368,Very Old
369,Old
370,Recent
371,Very Old
372,Old
373,Old
374,Old
375,Recent
376,New
377,New
378,Very Old
379,Old
380,Old
381,Recent
382,New
383,Very Old
384,Recent
385,New
386,Old
387,New
388,New
389,New
390,Very Old
391,New
392,Very Old
393,New
394,Very Old
395,New
396,Old
397,New
398,Recent
399,Recent
400,Very Old
401,Old
402,Recent
403,Very Old
404,Very Old
405,Very Old
406,Recent
407,Very Old
408,Old
409,Very Old
410,Recent
411,Very Old
412,Very Old
413,New
414,Old
415,Very Old
416,Very Old
417,Very Old
418,New
419,Old
420,Recent
421,Recent
422,Very Old
423,Very Old
424,Old
425,Very Old
426,Old
427,New
428,Recent
429,Recent
430,Old
431,Recent
432,Very Old
433,Recent
434,New
435,Very Old
436,New
437,Old
438,Very Old
439,New
440,Old
441,Very Old
442,Very Old
443,Very Old
444,Old
445,Recent
446,Very Old
447,Very Old
448,Very Old
449,New
450,Very Old
451,Very Old
452,Old
453,New
454,Old
455,Recent
456,Recent
457,Old
458,Very Old
459,Very Old
460,Recent
461,New
462,Very Old
463,Old
464,Very Old
465,Very Old
466,Very Old
467,New
468,Old
469,Recent
470,Old
471,Recent
472,Very Old
473,New
474,Very Old
475,Recent
476,Recent
477,Old
478,Very Old
479,Very Old
480,Very Old
481,Recent
482,Very Old
483,Very Old
484,New
485,Recent
486,New
487,Recent
488,New
489,Very Old
490,New
491,New
492,New
493,Recent
494,Very Old
495,Recent
496,Very Old
497,Recent
498,New
499,New
500,Very Old
501,New
502,New
503,Very Old
504,Old
505,Old
506,New
507,New
508,Recent
509,Recent
510,Recent
511,Old
512,New
513,Very Old
514,Very Old
515,Very Old
516,New
517,Very Old
518,Very Old
519,Recent
520,Very Old
521,Recent
522,New
523,New
524,Old
525,Recent
526,Old
527,Old
528,Recent
529,New
530,New
531,New
532,Old
533,Very Old
534,Old
535,Very Old
536,New
537,Old
538,Very Old
539,Old
540,New
541,Old
542,Recent
543,Old
544,Recent
545,New
546,Old
547,Old
548,Recent
549,Recent
550,New
551,New
552,New
553,Old
554,New
555,Very Old
556,New
557,Recent
558,Very Old
559,Recent
560,Recent
561,Old
562,New
563,Very Old
564,Old
565,Old
566,New
567,Very Old
568,Very Old
569,Recent
570,Old
571,New
572,Recent
573,Old
574,Old
575,Very Old
576,Recent
577,Recent
578,Very Old
579,Old
580,Very Old
581,Very Old
582,New
583,Recent
584,New
585,Old
586,Old
587,Recent
588,Very Old
589,Old
590,Very Old
591,Very Old
592,Recent
593,Very Old
594,Very Old
595,Very Old
596,Old
597,New
598,Recent
599,Very Old
600,Recent
601,Old
602,New
603,Very Old
604,Recent
605,Recent
606,Recent
607,Very Old
608,Recent
609,Old
610,Recent
611,Very Old
612,Recent
613,New
614,Very Old
615,Old
616,Very Old
617,New
618,Old
619,Very Old
620,Recent
621,Old
622,New
623,Recent
624,New
625,Very Old
626,New
627,Recent
628,Old
629,Very Old
630,New
631,Old
632,Very Old
633,Very Old
634,Very Old
635,New
636,New
637,Recent
638,Very Old
639,Very Old
640,Very Old
641,Recent
642,Recent
643,New
644,Recent
645,Very Old
646,New
647,Old
648,Recent
649,Very Old
650,Very Old
651,New
652,Recent
653,Old
654,Old
655,Recent
656,Recent
657,New
658,Very Old
659,New
660,Recent
661,Very Old
662,Recent
663,Old
664,Old
665,New
666,Recent
667,New
668,Old
669,New
670,New
671,Old
672,New
673,New
674,Recent
675,Very Old
676,Very Old
677,Very Old
678,Recent
679,Very Old
680,Very Old
681,Very Old
682,Very Old
683,Recent
684,Old
685,Old
686,New
687,Very Old
688,Very Old
689,Very Old
690,Recent
691,Recent
692,Recent
693,Very Old
694,Recent
695,Old
696,Very Old
697,Very Old
698,New
699,Very Old
700,Very Old
701,Very Old
702,New
703,Very Old
704,Recent
705,Recent
706,Very Old
707,Old
708,Old
709,Old
710,Very Old
711,Recent
712,Recent
713,Very Old
714,Old
715,Old
716,Very Old
717,Old
718,New
719,New
720,Old
721,New
722,Very Old
723,New
724,Very Old
725,Old
726,Very Old
727,Very Old
728,Old
729,Recent
730,Very Old
731,New
732,Very Old
733,Recent
734,New
735,New
736,Recent
737,New
738,Old
739,New
740,Old
741,Very Old
742,Very Old
743,Old
744,Old
745,Recent
746,Recent
747,Recent
748,Recent
749,Old
750,Recent
751,Very Old
752,Very Old
753,Old
754,Very Old
755,New
756,Very Old
757,New
758,Very Old
759,Very Old
760,New
761,Very Old
762,New
763,Very Old
764,New
765,Recent
766,Recent
767,Very Old
768,Recent
769,Recent
770,Recent
771,Old
772,Very Old
773,Very Old
774,Recent
775,Old
776,Old
777,Old
778,Recent
779,Old
780,Recent
781,Very Old
782,Recent
783,Very Old
784,Very Old
785,New
786,Recent
787,Old
788,Very Old
789,Very Old
790,Very Old
791,New
792,Very Old
793,Very Old
794,Recent
795,New
796,New
797,Very Old
798,New
799,New
800,Old
801,Recent
802,New
803,New
804,Recent
805,Old
806,Recent
807,Very Old
808,Old
809,Very Old
810,New
811,New
812,New
813,Very Old
814,New
815,Very Old
816,New
817,Recent
818,New
819,Old
820,Old
821,Old
822,Recent
823,Recent
824,Very Old
825,New
826,New
827,New
828,New
829,Old
830,Very Old
831,Old
832,New
833,Old
834,Old
835,Recent
836,New
837,Recent
838,Very Old
839,New
840,Very Old
841,Recent
842,Old
843,Very Old
844,Very Old
845,Old
846,Very Old
847,Old
848,Old
849,Recent
850,New
851,Old
852,Very Old
853,Recent
854,Very Old
855,Old
856,Old
857,Recent
858,Very Old
859,Old
860,New
861,Very Old
862,New
863,Recent
864,New
865,Very Old
866,Recent
867,Very Old
868,Very Old
869,Very Old
870,Very Old
871,Recent
872,Old
873,Very Old
874,Very Old
875,Recent
876,Very Old
877,Very Old
878,Very Old
879,Old
880,Very Old
881,Very Old
882,Old
883,New
884,Recent
885,New
886,New
887,Recent
888,Very Old
889,Recent
890,Old
891,Old
892,Very Old
893,Old
894,Recent
895,Old
896,Old
897,Recent
898,Very Old
899,Recent
900,Recent
901,Very Old
902,Recent
903,Recent
904,Recent
905,New
906,Old
907,New
908,Very Old
909,Very Old
910,Very Old
911,Old
912,Recent
913,Old
914,Very Old
915,Old
916,Very Old
917,Old
918,Old
919,Old
920,Old
921,Very Old
922,Very Old
923,Very Old
924,Very Old
925,New
926,New
927,Very Old
928,Old
929,Very Old
930,Very Old
931,Recent
932,New
933,Very Old
934,Very Old
935,New
936,Old
937,Old
938,Recent
939,Very Old
940,Old
941,Recent
942,Very Old
943,New
944,Recent
945,Very Old
946,Very Old
947,Recent
948,Old
949,New
950,New
951,Very Old
952,Old
953,Very Old
954,Old
955,Old
956,New
957,Recent
958,Old
959,Recent
960,Recent
961,New
962,Recent
963,Recent
964,Very Old
965,Very Old
966,Recent
967,Old
968,Very Old
969,Very Old
970,Old
971,Very Old
972,Old
973,New
974,Recent
975,Old
976,Recent
977,New
978,New
979,Very Old
980,Recent
981,Recent
982,Old
983,Recent
984,Old
985,Old
986,Very Old
987,Old
988,Old
989,Recent
990,New
991,Very Old
992,Very Old
993,Old
994,Very Old
995,New
996,Old
997,New
998,Very Old
999,Old
1000,Old
1001,Recent
1002,Old
1003,Recent
1004,Recent
1005,Recent
1006,Recent
1007,Recent
1008,Very Old
1009,Old
1010,Old
1011,Old
1012,Recent
1013,Very Old
1014,New
1015,Old
1016,Recent
1017,New
1018,Very Old
1019,Recent
1020,Recent
1021,New
1022,Very Old
1023,Very Old
1024,Very Old
1025,Old
1026,Old
1027,New
1028,Old
1029,Very Old
1030,Recent
1031,Very Old
1032,New
1033,Old
1034,Very Old
1035,Recent
1036,Very Old
1037,New
1038,New
1039,Recent
1040,Very Old
1041,Recent
1042,Old
1043,Old
1044,Very Old
1045,Very Old
1046,Old
1047,Old
1048,Recent
1049,Very Old
1050,Very Old
1051,New
1052,Very Old
1053,Recent
1054,Old
1055,Recent
1056,Recent
1057,Recent
1058,New
1059,New
1060,Very Old
1061,Recent
1062,Recent
1063,Very Old
1064,Recent
1065,Recent
1066,Recent
1067,Old
1068,Recent
1069,Very Old
1070,New
1071,Old
1072,Old
1073,Old
1074,New
1075,New
1076,Recent
1077,Recent
1078,Very Old
1079,Old
1080,Old
1081,Recent
1082,New
1083,New
1084,Recent
1085,New
1086,Very Old
1087,Recent
1088,Very Old
1089,Old
1090,New
1091,New
1092,Recent
1093,Very Old
1094,Very Old
1095,Recent
1096,Recent
1097,Recent
1098,Recent
1099,Recent
1100,Recent
1101,Old
1102,Old
1103,Old
1104,Old
1105,Recent
1106,Old
1107,Recent
1108,Very Old
1109,New
1110,Very Old
1111,Recent
1112,Recent
1113,Recent
1114,Recent
1115,Old
1116,Very Old
1117,Old
1118,Very Old
1119,Recent
1120,Very Old
1121,Very Old
1122,Very Old
1123,Recent
1124,Very Old
1125,Very Old
1126,Old
1127,New
1128,Very Old
1129,Recent
1130,New
1131,Very Old
1132,New
1133,New
1134,New
1135,New
1136,Old
1137,New
1138,Old
1139,New
1140,Very Old
1141,New
1142,New
1143,Recent
1144,Old
1145,Old
1146,Old
1147,Recent
1148,Old
1149,Old
1150,Recent
1151,Very Old
1152,Recent
1153,Recent
1154,New
1155,Very Old
1156,Recent
1157,Very Old
1158,Very Old
1159,New
1160,Old
1161,Old
1162,Old
1163,Very Old
1164,Very Old
1165,New
1166,Very Old
1167,Recent
1168,Old
1169,Recent
1170,Very Old
1171,Very Old
1172,New
1173,New
1174,Recent
1175,Old
1176,Recent
1177,Very Old
1178,Very Old
1179,Very Old
1180,Old
1181,Recent
1182,Very Old
1183,New
1184,Very Old
1185,New
1186,Very Old
1187,Recent
1188,New
1189,New
1190,New
1191,Very Old
1192,Recent
1193,New
1194,Very Old
1195,Old
1196,Recent
1197,Very Old
1198,New
1199,Old
1200,New
1201,Very Old
1202,New
1203,Very Old
1204,Very Old
1205,Recent
1206,Recent
1207,New
1208,Very Old
1209,Recent
1210,Recent
1211,Very Old
1212,Recent
1213,New
1214,Recent
1215,Old
1216,New
1217,Very Old
1218,Old
1219,Very Old
1220,Very Old
1221,Old
1222,Recent
1223,New
1224,Recent
1225,Recent
1226,Old
1227,Very Old
1228,Old
1229,Old
1230,Recent
1231,Old
1232,Old
1233,Very Old
1234,New
1235,Very Old
1236,New
1237,Old
1238,Recent
1239,Very Old
1240,Recent
1241,Recent
1242,Very Old
1243,New
1244,Old
1245,Very Old
1246,New
1247,Recent
1248,Old
1249,Old
1250,Recent
1251,New
1252,Very Old
1253,Very Old
1254,New
1255,Very Old
1256,Recent
1257,Recent
1258,Recent
1259,Recent
1260,Old
1261,Old
1262,Very Old
1263,Recent
1264,Old
1265,Very Old
1266,Recent
1267,Very Old
1268,Old
1269,New
1270,Very Old
1271,Old
1272,New
1273,Old
1274,New
1275,Recent
1276,Old
1277,New
1278,Very Old
1279,Recent
1280,New
1281,Very Old
1282,Very Old
1283,Recent
1284,New
1285,Old
1286,Recent
1287,Recent
1288,Very Old
1289,Old
1290,New
1291,Old
1292,Very Old
1293,New
1294,Recent
1295,New
1296,Recent
1297,Old
1298,New
1299,Very Old
1300,Old
1301,Very Old
1302,Very Old
1303,New
1304,Very Old
1305,New
1306,Old
1307,Recent
1308,New
1309,Old
1310,New
1311,New
1312,Very Old
1313,Very Old
1314,Very Old
1315,New
1316,Very Old
1317,New
1318,Very Old
1319,Recent
1320,Very Old
1321,Very Old
1322,Old
1323,Old
1324,Old
1325,Very Old
1326,New
1327,Very Old
1328,New
1329,Very Old
1330,New
1331,Recent
1332,Very Old
1333,Very Old
1334,New
1335,Old
1336,Very Old
1337,Very Old
1338,Very Old
1339,Recent
1340,New
1341,Recent
1342,Old
1343,Very Old
1344,Very Old
1345,New
1346,Very Old
1347,New
1348,Recent
1349,New
1350,Recent
1351,Very Old
1352,Recent
1353,New
1354,New
1355,Very Old
1356,Recent
1357,Old
1358,Old
1359,New
1360,Very Old
1361,Very Old
1362,Recent
1363,Very Old
1364,Recent
1365,Old
1366,New
1367,Very Old
1368,Very Old
1369,Very Old
1370,Very Old
1371,Very Old
1372,Recent
1373,Recent
1374,Very Old
1375,Recent
1376,Old
1377,New
1378,Very Old
1379,New
1380,Recent
1381,New
1382,Recent
1383,Very Old
1384,Very Old
1385,Old
1386,New
1387,Recent
1388,New
1389,Old
1390,New
1391,Very Old
1392,Very Old
1393,Recent
1394,Recent
1395,Recent
1396,Recent
1397,Old
1398,Very Old
1399,Recent
1400,Recent
1401,Very Old
1402,Recent
1403,Old
1404,Recent
1405,Old
1406,Recent
1407,Old
1408,Recent
1409,New
1410,New
1411,Very Old
1412,New
1413,New
1414,New
1415,Old
1416,New
1417,Old
1418,New
1419,New
1420,Old
1421,Old
1422,Old
1423,Old
1424,Very Old
1425,Recent
1426,Old
1427,Old
1428,Recent
1429,Recent
1430,Very Old
1431,Old
1432,Recent
1433,Very Old
1434,New
1435,Old
1436,Old
1437,Very Old
1438,Old
1439,New
1440,Old
1441,Old
1442,Old
1443,Very Old
1444,Recent
1445,Recent
1446,New
1447,Recent
1448,Very Old
1449,New
1450,New
1451,New
1452,Very Old
1453,Very Old
1454,Old
1455,Very Old
1456,Old
1457,Old
1458,Very Old
1459,Old
1460,Old
1461,Very Old
1462,New
1463,Recent
1464,Recent
1465,New
1466,Very Old
1467,Old
1468,Old
1469,New
1470,Very Old
1471,Very Old
1472,Very Old
1473,New
1474,New
1475,Old
1476,New
1477,New
1478,Very Old
1479,Very Old
1480,New
1481,Recent
1482,Very Old
1483,Very Old
1484,Old
1485,Old
1486,New
1487,New
1488,Old
1489,Very Old
1490,Recent
1491,Recent
1492,Old
1493,Very Old
1494,Very Old
1495,Old
1496,New
1497,New
1498,Old
1499,Old
1500,Very Old
1501,Recent
1502,Very Old
1503,Old
1504,New
1505,Old
1506,Old
1507,Very Old
1508,Old
1509,Very Old
1510,Very Old
1511,Recent
1512,Recent
1513,Recent
1514,New
1515,Old
1516,Very Old
1517,Very Old
1518,New
1519,New
1520,Old
1521,New
1522,Old
1523,Old
1524,Very Old
1525,Very Old
1526,New
1527,New
1528,New
1529,Very Old
1530,Old
1531,New
1532,Recent
1533,Recent
1534,Very Old
1535,Very Old
1536,Recent
1537,New
1538,Old
1539,New
1540,Recent
1541,Recent
1542,Old
1543,Very Old
1544,Old
1545,Recent
1546,Old
1547,Very Old
1548,Old
1549,New
1550,New
1551,New
1552,Recent
1553,Very Old
1554,Old
1555,New
1556,Old
1557,New
1558,New
1559,Very Old
1560,Very Old
1561,Old
1562,New
1563,Very Old
1564,New
1565,New
1566,Recent
1567,Old
1568,Recent
1569,Very Old
1570,Very Old
1571,Very Old
1572,New
1573,Old
1574,Old
1575,New
1576,Old
1577,Recent
1578,Old
1579,Old
1580,Very Old
1581,New
1582,Old
1583,New
1584,New
1585,Old
1586,Old
1587,Recent
1588,Very Old
1589,Recent
1590,New
1591,Old
1592,Recent
1593,Recent
1594,Old
1595,Very Old
1596,Recent
1597,Very Old
1598,Recent
1599,Old
1600,Old
1601,Old
1602,New
1603,Recent
1604,Old
1605,Very Old
1606,Very Old
1607,Very Old
1608,Very Old
1609,New
1610,New
1611,New
1612,New
1613,Very Old
1614,Old
1615,Recent
1616,Old
1617,Very Old
1618,New
1619,Very Old
1620,Recent
1621,New
1622,Recent
1623,Very Old
1624,New
1625,Old
1626,Old
1627,New
1628,Old
1629,Recent
1630,New
1631,New
1632,New
1633,Very Old
1634,Recent
1635,Very Old
1636,Recent
1637,Old
1638,Recent
1639,New
1640,Very Old
1641,Old
1642,Old
1643,Recent
1644,Recent
1645,Recent
1646,Recent
1647,New
1648,New
1649,Recent
1650,Old
1651,Very Old
1652,Recent
1653,Very Old
1654,Very Old
1655,Old
1656,New
1657,New
1658,Recent
1659,Old
1660,Recent
1661,Recent
1662,New
1663,Recent
1664,Very Old
1665,Very Old
1666,Recent
1667,Old
1668,Very Old
1669,Very Old
1670,Old
1671,Recent
1672,Very Old
1673,Old
1674,Very Old
1675,Very Old
1676,Very Old
1677,Old
1678,Recent
1679,Very Old
1680,Very Old
1681,Recent
1682,Recent
1683,Recent
1684,New
1685,Very Old
1686,Old
1687,Recent
1688,Old
1689,Old
1690,Very Old
1691,New
1692,New
1693,Old
1694,New
1695,Very Old
1696,New
1697,Very Old
1698,Old
1699,Very Old
1700,Very Old
1701,Very Old
1702,New
1703,New
1704,New
1705,Very Old
1706,Recent
1707,Recent
1708,Old
1709,Very Old
1710,Recent
1711,Very Old
1712,Very Old
1713,Old
1714,New
1715,Recent
1716,Old
1717,Old
1718,Very Old
1719,Old
1720,Old
1721,Old
1722,Old
1723,Very Old
1724,Very Old
1725,Recent
1726,Very Old
1727,New
1728,Very Old
1729,Old
1730,Very Old
1731,New
1732,New
1733,New
1734,Old
1735,Recent
1736,Recent
1737,New
1738,Very Old
1739,Very Old
1740,Old
1741,New
1742,Old
1743,Recent
1744,Recent
1745,Old
1746,Recent
1747,New
1748,Very Old
1749,Very Old
1750,Old
1751,New
1752,New
1753,Old
1754,New
1755,Old
1756,Recent
1757,New
1758,Recent
1759,Recent
1760,Very Old
1761,New
1762,New
1763,Very Old
1764,Very Old
1765,Very Old
1766,Recent
1767,New
1768,Recent
1769,Recent
1770,Old
1771,Very Old
1772,Very Old
1773,Very Old
1774,Recent
1775,Old
1776,Old
1777,Very Old
1778,New
1779,Very Old
1780,Recent
1781,Recent
1782,Very Old
1783,Very Old
1784,Very Old
1785,Old
1786,Old
1787,Very Old
1788,Old
1789,Recent
1790,Old
1791,Recent
1792,Very Old
1793,Old
1794,Recent
1795,Recent
1796,Recent
1797,Old
1798,Recent
1799,Old
1800,Recent
1801,Very Old
1802,New
1803,Old
1804,Very Old
1805,New
1806,Very Old
1807,New
1808,Very Old
1809,Old
1810,Very Old
1811,Recent
1812,New
1813,Very Old
1814,Very Old
1815,Old
1816,Old
1817,Recent
1818,Old
1819,Very Old
1820,Very Old
1821,Old
1822,Recent
1823,New
1824,Recent
1825,New
1826,Very Old
1827,Old
1828,Very Old
1829,Very Old
1830,Very Old
1831,Very Old
1832,Very Old
1833,Recent
1834,Very Old
1835,New
1836,Very Old
1837,Very Old
1838,New
1839,Very Old
1840,Old
1841,New
1842,Old
1843,New
1844,Recent
1845,Very Old
1846,Very Old
1847,Recent
1848,New
1849,Recent
1850,Old
1851,New
1852,New
1853,Recent
1854,Very Old
1855,New
1856,New
1857,Very Old
1858,New
1859,Very Old
1860,Very Old
1861,Very Old
1862,Recent
1863,Recent
1864,Recent
1865,Very Old
1866,Very Old
1867,Old
1868,New
1869,Old
1870,Recent
1871,New
1872,Very Old
1873,Old
1874,Very Old
1875,New
1876,Old
1877,Very Old
1878,Recent
1879,Very Old
1880,Very Old
1881,Very Old
1882,Very Old
1883,New
1884,New
1885,New
1886,Old
1887,Old
1888,Very Old
1889,Recent
1890,New
1891,Very Old
1892,Recent
1893,Recent
1894,Old
1895,Old
1896,Very Old
1897,Recent
1898,Old
1899,Old
1900,Old
1901,Recent
1902,Old
1903,Recent
1904,Very Old
1905,Recent
1906,Recent
1907,Very Old
1908,New
1909,Old
1910,Old
1911,Old
1912,Old
1913,Very Old
1914,Recent
1915,Recent
1916,Old
1917,Recent
1918,Old
1919,Very Old
1920,Old
1921,Very Old
1922,New
1923,Very Old
1924,Very Old
1925,New
1926,New
1927,New
1928,Very Old
1929,Recent
1930,Old
1931,Very Old
1932,Old
1933,New
1934,New
1935,Old
1936,New
1937,New
1938,Very Old
1939,Very Old
1940,New
1941,Old
1942,Recent
1943,Very Old
1944,Recent
1945,New
1946,Recent
1947,Very Old
1948,New
1949,Old
1950,Recent
1951,Recent
1952,New
1953,New
1954,Old
1955,Very Old
1956,Recent
1957,Very Old
1958,Old
1959,Old
1960,New
1961,Recent
1962,Old
1963,Old
1964,Very Old
1965,Very Old
1966,Very Old
1967,Recent
1968,New
1969,Old
1970,Very Old
1971,Very Old
1972,New
1973,Old
1974,Very Old
1975,Very Old
1976,Recent
1977,New
1978,Recent
1979,Recent
1980,New
1981,Very Old
1982,Old
1983,Recent
1984,New
1985,Old
1986,New
1987,New
1988,Old
1989,New
1990,Old
1991,Recent
1992,Old
1993,Very Old
1994,Recent
1995,Old
1996,Recent
1997,Very Old
1998,Recent
1999,Very Old
2000,New
2001,Recent
2002,Recent
2003,New
2004,Old
2005,New
2006,New
2007,Very Old
2008,New
2009,New
2010,New
2011,Very Old
2012,Very Old
2013,Old
2014,Recent
2015,New
2016,New
2017,New
2018,Recent
2019,New
2020,Very Old
2021,New
2022,Very Old
2023,Very Old
2024,Old
2025,Recent
2026,Old
2027,Recent
2028,New
2029,Recent
2030,Very Old
2031,Recent
2032,Old
2033,New
2034,Recent
2035,Recent
2036,Recent
2037,Very Old
2038,Recent
2039,Old
2040,Recent
2041,New
2042,Old
2043,Very Old
2044,Recent
2045,Old
2046,Old
2047,Old
2048,Old
2049,New
2050,Old
2051,New
2052,Old
2053,Very Old
2054,Recent
2055,Recent
2056,Old
2057,Recent
2058,New
2059,Very Old
2060,New
2061,Very Old
2062,New
2063,Very Old
2064,New
2065,New
2066,New
2067,Old
2068,Very Old
2069,Old
2070,Old
2071,Old
2072,Very Old
2073,Recent
2074,New
2075,New
2076,Old
2077,Old
2078,Very Old
2079,Very Old
2080,New
2081,Very Old
2082,Old
2083,Very Old
2084,Old
2085,Recent
2086,Recent
2087,New
2088,New
2089,New
2090,Recent
2091,Old
2092,Very Old
2093,New
2094,Recent
2095,New
2096,Old
2097,Very Old
2098,New
2099,Old
2100,Very Old
2101,Very Old
2102,Recent
2103,Very Old
2104,New
2105,Very Old
2106,Very Old
2107,Old
2108,New
2109,Old
2110,Recent
2111,New
2112,Old
2113,Very Old
2114,Recent
2115,New
2116,Old
2117,New
2118,Old
2119,Very Old
2120,Very Old
2121,Very Old
2122,Very Old
2123,Old
2124,New
2125,Recent
2126,Very Old
2127,Recent
2128,Very Old
2129,Very Old
2130,New
2131,Very Old
2132,Very Old
2133,Recent
2134,Very Old
2135,Very Old
2136,Very Old
2137,New
2138,Recent
2139,Very Old
2140,New
2141,Very Old
2142,Recent
2143,Very Old
2144,Recent
2145,Very Old
2146,New
2147,Recent
2148,New
2149,Old
2150,Very Old
2151,New
2152,Old
2153,New
2154,Very Old
2155,Very Old
2156,Very Old
2157,New
2158,Old
2159,Recent
2160,Recent
2161,Recent
2162,Old
2163,Very Old
2164,Recent
2165,Very Old
2166,Recent
2167,Very Old
2168,New
2169,Very Old
2170,Recent
2171,Recent
2172,Very Old
2173,New
2174,Very Old
2175,Old
2176,Recent
2177,Very Old
2178,Very Old
2179,Old
2180,Very Old
2181,Old
2182,New
2183,Recent
2184,Very Old
2185,Very Old
2186,Very Old
2187,New
2188,Old
2189,Very Old
2190,Very Old
2191,Old
2192,Very Old
2193,Recent
2194,New
2195,New
2196,Very Old
2197,New
2198,New
2199,Very Old
2200,Very Old
2201,Very Old
2202,Very Old
2203,Old
2204,Very Old
2205,Recent
2206,Old
2207,Very Old
2208,Old
2209,New
2210,Old
2211,Recent
2212,Recent
2213,Recent
2214,Old
2215,New
2216,Old
2217,Very Old
2218,Old
2219,Old
2220,Very Old
2221,New
2222,New
2223,Very Old
2224,Recent
2225,Old
2226,Recent
2227,Recent
2228,Recent
2229,New
2230,Very Old
2231,Old
2232,New
2233,Recent
2234,Very Old
2235,Old
2236,Very Old
2237,Recent
2238,Recent
2239,Very Old
2240,Old
2241,Old
2242,Very Old
2243,New
2244,New
2245,Very Old
2246,Old
2247,Old
2248,Very Old
2249,Recent
2250,Very Old
2251,Recent
2252,Old
2253,Very Old
2254,Recent
2255,Very Old
2256,New
2257,Old
2258,Very Old
2259,Very Old
2260,New
2261,Very Old
2262,Old
2263,Very Old
2264,New
2265,Recent
2266,Very Old
2267,Recent
2268,Very Old
2269,Very Old
2270,Very Old
2271,Old
2272,Old
2273,Recent
2274,Recent
2275,Very Old
2276,Recent
2277,Very Old
2278,New
2279,New
2280,New
2281,New
2282,Recent
2283,Old
2284,Very Old
2285,Recent
2286,Very Old
2287,Very Old
2288,Very Old
2289,Recent
2290,Recent
2291,Recent
2292,Very Old
2293,Very Old
2294,Very Old
2295,Very Old
2296,Old
2297,Very Old
2298,Very Old
2299,Very Old
2300,New
2301,Old
2302,New
2303,Very Old
2304,Recent
2305,Old
2306,Old
2307,Recent
2308,New
2309,Recent
2310,Very Old
2311,Very Old
2312,Recent
2313,New
2314,Recent
2315,Old
2316,Recent
2317,Old
2318,Very Old
2319,Very Old
2320,New
2321,Very Old
2322,Recent
2323,Very Old
2324,Very Old
2325,Old
2326,Old
2327,Old
2328,New
2329,Recent
2330,Recent
2331,Very Old
2332,Recent
2333,Old
2334,Recent
2335,Old
2336,Very Old
2337,Old
2338,New
2339,Very Old
2340,Very Old
2341,Recent
2342,New
2343,Very Old
2344,Recent
2345,Very Old
2346,Old
2347,Recent
2348,Very Old
2349,Recent
2350,Old
2351,Very Old
2352,Very Old
2353,New
2354,Recent
2355,Old
2356,Recent
2357,New
2358,Recent
2359,Very Old
2360,Old
2361,Very Old
2362,New
2363,Recent
2364,Old
2365,Very Old
2366,Very Old
2367,New
2368,Very Old
2369,New
2370,New
2371,Old
2372,Old
2373,Very Old
2374,Recent
2375,Old
2376,New
2377,Very Old
2378,Very Old
2379,New
2380,Very Old
2381,New
2382,New
2383,New
2384,Recent
2385,Recent
2386,New
2387,New
2388,Very Old
2389,Very Old
2390,Recent
2391,Recent
2392,Old
2393,New
2394,Very Old
2395,New
2396,Recent
2397,New
2398,Recent
2399,Recent
2400,Old
2401,Recent
2402,Old
2403,Old
2404,Old
2405,Recent
2406,Recent
2407,Old
2408,Very Old
2409,Old
2410,Very Old
2411,New
2412,Old
2413,New
2414,New
2415,Very Old
2416,Very Old
2417,Recent
2418,Recent
2419,Old
2420,Very Old
2421,Old
2422,Very Old
2423,Recent
2424,Recent
2425,Recent
2426,Very Old
2427,Very Old
2428,Recent
2429,Very Old
2430,New
2431,New
2432,Old
2433,New
2434,New
2435,Very Old
2436,Very Old
2437,Old
2438,New
2439,Recent
2440,Old
2441,Very Old
2442,Very Old
2443,New
2444,Old
2445,Very Old
2446,New
2447,New
2448,Very Old
2449,Recent
2450,Very Old
2451,Very Old
2452,Very Old
2453,Very Old
2454,Old
2455,Very Old
2456,Very Old
2457,Very Old
2458,Very Old
2459,Recent
2460,Recent
2461,New
2462,New
2463,Old
2464,New
2465,Very Old
2466,Very Old
2467,Very Old
2468,Recent
2469,Old
2470,Recent
2471,New
2472,New
2473,Old
2474,New
2475,Recent
2476,New
2477,Recent
2478,Recent
2479,New
2480,Recent
2481,Recent
2482,Very Old
2483,Old
2484,Very Old
2485,Recent
2486,Very Old
2487,Very Old
2488,Old
2489,New
2490,Old
2491,New
2492,New
2493,New
2494,Old
2495,Very Old
2496,Old
2497,Very Old
2498,New
2499,Very Old
2500,Recent
2501,New
2502,Very Old
2503,Old
2504,Very Old
2505,Old
2506,Very Old
2507,Very Old
2508,Very Old
2509,Very Old
2510,Recent
2511,Old
2512,New
2513,New
2514,New
2515,Very Old
2516,New
2517,Recent
2518,New
2519,Recent
2520,Old
2521,Very Old
2522,New
2523,New
2524,Old
2525,Recent
2526,Very Old
2527,Old
2528,Old
2529,Very Old
2530,Very Old
2531,Recent
2532,Very Old
2533,Recent
2534,Recent
2535,Old
2536,Old
2537,New
2538,Recent
2539,Very Old
2540,Recent
2541,Old
2542,Very Old
2543,Very Old
2544,Recent
2545,Recent
2546,Very Old
2547,Very Old
2548,New
2549,Very Old
2550,Old
2551,New
2552,Recent
2553,New
2554,Old
2555,Recent
2556,Old
2557,New
2558,Old
2559,Very Old
2560,Very Old
2561,Old
2562,New
2563,Old
2564,New
2565,Very Old
2566,New
2567,New
2568,Old
2569,New
2570,Old
2571,New
2572,Old
2573,Old
2574,Very Old
2575,Old
2576,Old
2577,Recent
2578,New
2579,Very Old
2580,Recent
2581,Very Old
2582,Very Old
2583,Old
2584,New
2585,Very Old
2586,New
2587,Recent
2588,New
2589,Recent
2590,Recent
2591,New
2592,Old
2593,Old
2594,Recent
2595,Recent
2596,Very Old
2597,Very Old
2598,Very Old
2599,Recent
2600,Very Old
2601,Old
2602,Very Old
2603,Recent
2604,Very Old
2605,Recent
2606,Old
2607,Old
2608,Recent
2609,Very Old
2610,Very Old
2611,Recent
2612,Very Old
2613,Recent
2614,Old
2615,New
2616,Recent
2617,Old
2618,Recent
2619,Very Old
2620,Recent
2621,New
2622,Recent
2623,Very Old
2624,Old
2625,Recent
2626,Very Old
2627,Old
2628,Recent
2629,New
2630,Recent
2631,Old
2632,New
2633,Recent
2634,New
2635,Old
2636,Very Old
2637,Recent
2638,Recent
2639,Recent
2640,Recent
2641,Old
2642,Recent
2643,Old
2644,Recent
2645,Recent
2646,Very Old
2647,Recent
2648,New
2649,Recent
2650,Recent
2651,Very Old
2652,Old
2653,Very Old
2654,Recent
2655,Old
2656,Very Old
2657,New
2658,Old
2659,Very Old
2660,Very Old
2661,New
2662,Very Old
2663,Very Old
2664,Very Old
2665,Old
2666,Very Old
2667,Old
2668,Very Old
2669,Old
2670,Very Old
2671,Old
2672,Very Old
2673,Very Old
2674,New
2675,Recent
2676,New
2677,Recent
2678,Very Old
2679,Old
2680,New
2681,Old
2682,Recent
2683,Recent
2684,Recent
2685,Very Old
2686,Old
2687,Very Old
2688,Very Old
2689,Old
2690,Old
2691,Very Old
2692,Recent
2693,Recent
2694,Very Old
2695,Old
2696,Old
2697,Recent
2698,Recent
2699,New
2700,Very Old
2701,Recent
2702,Very Old
2703,Very Old
2704,Very Old
2705,Recent
2706,Old
2707,Very Old
2708,New
2709,Very Old
2710,Very Old
2711,Old
2712,Old
2713,Very Old
2714,New
2715,Very Old
2716,Recent
2717,Recent
2718,Very Old
2719,Very Old
2720,New
2721,Very Old
2722,Old
2723,Very Old
2724,Old
2725,Old
2726,New
2727,Very Old
2728,Recent
2729,Very Old
2730,Very Old
2731,Recent
2732,Recent
2733,New
2734,Very Old
2735,Old
2736,Very Old
2737,New
2738,Very Old
2739,New
2740,New
2741,New
2742,Recent
2743,Recent
2744,Very Old
2745,Very Old
2746,Old
2747,Very Old
2748,Recent
2749,Recent
2750,Very Old
2751,New
2752,New
2753,Old
2754,Old
2755,New
2756,Very Old
2757,Very Old
2758,Very Old
2759,Recent
2760,Very Old
2761,New
2762,Very Old
2763,New
2764,New
2765,Recent
2766,Old
2767,Old
2768,Very Old
2769,Recent
2770,Recent
2771,Very Old
2772,Old
2773,New
2774,New
2775,New
2776,Old
2777,Recent
2778,New
2779,New
2780,Very Old
2781,Recent
2782,Old
2783,Very Old
2784,New
2785,Very Old
2786,Old
2787,Recent
2788,Recent
2789,Very Old
2790,Very Old
2791,Very Old
2792,Recent
2793,Old
2794,Recent
2795,New
2796,Old
2797,Recent
2798,Recent
2799,New
2800,Very Old
2801,Old
2802,Recent
2803,New
2804,New
2805,Recent
2806,Recent
2807,Very Old
2808,Old
2809,Old
2810,New
2811,Recent
2812,New
2813,New
2814,Recent
2815,Recent
2816,Recent
2817,Recent
2818,Recent
2819,Recent
2820,Very Old
2821,Old
2822,Very Old
2823,Recent
2824,Very Old
2825,New
2826,New
2827,Very Old
2828,Very Old
2829,Recent
2830,Recent
2831,New
2832,Very Old
2833,New
2834,Very Old
2835,Recent
2836,Old
2837,Old
2838,New
2839,Very Old
2840,Very Old
2841,Very Old
2842,Very Old
2843,Old
2844,Very Old
2845,Very Old
2846,Recent
2847,Old
2848,Old
2849,Very Old
2850,New
2851,New
2852,Recent
2853,Old
2854,New
2855,Old
2856,Very Old
2857,Very Old
2858,Old
2859,New
2860,New
2861,Old
2862,Very Old
2863,Very Old
2864,Very Old
2865,Recent
2866,New
2867,Recent
2868,Very Old
2869,New
2870,Recent
2871,Recent
2872,New
2873,Old
2874,New
2875,Recent
2876,New
2877,Very Old
2878,Recent
2879,New
2880,New
2881,Old
2882,Very Old
2883,Recent
2884,New
2885,Recent
2886,Very Old
2887,Old
2888,Old
2889,Old
2890,New
2891,Recent
2892,Very Old
2893,New
2894,Recent
2895,Recent
2896,Very Old
2897,New
2898,Very Old
2899,Recent
2900,Very Old
2901,New
2902,Very Old
2903,Very Old
2904,New
2905,Old
2906,Very Old
2907,New
2908,Old
2909,Very Old
2910,Very Old
2911,Recent
2912,New
2913,Very Old
2914,Very Old
2915,New
2916,New
2917,Very Old
2918,Very Old
2919,Recent
2920,Recent
2921,Very Old
2922,Old
2923,Very Old
2924,New
2925,Recent
2926,Old
2927,Old
2928,New
2929,Old
2930,Very Old
2931,Very Old
2932,New
2933,New
2934,Old
2935,Recent
2936,Very Old
2937,New
2938,New
2939,Very Old
2940,Very Old
2941,Old
2942,Very Old
2943,New
2944,Recent
2945,New
2946,New
2947,Recent
2948,New
2949,Old
2950,Old
2951,Very Old
2952,New
2953,New
2954,Old
2955,Recent
2956,Very Old
2957,Old
2958,Old
2959,Recent
2960,Recent
2961,Very Old
2962,Recent
2963,New
2964,Old
2965,Very Old
2966,Recent
2967,New
2968,Old
2969,Very Old
2970,Very Old
2971,New
2972,Very Old
2973,New
2974,Recent
2975,Very Old
2976,Old
2977,Recent
2978,New
2979,Old
2980,Recent
2981,Old
2982,Old
2983,Very Old
2984,Recent
2985,Very Old
2986,Recent
2987,Old
2988,New
2989,New
2990,Very Old
2991,Old
2992,New
2993,New
2994,New
2995,Old
2996,Old
2997,New
2998,New
2999,Recent
3000,Old
3001,Very Old
3002,New
3003,Recent
3004,New
3005,Old
3006,Very Old
3007,Old
3008,Very Old
3009,Very Old
3010,New
3011,Very Old
3012,Very Old
3013,Recent
3014,Old
3015,New
3016,Old
3017,New
3018,Recent
3019,New
3020,New
3021,Recent
3022,Very Old
3023,Old
3024,Old
3025,Old
3026,Recent
3027,Old
3028,Very Old
3029,Old
3030,Old
3031,New
3032,Recent
3033,Very Old
3034,Very Old
3035,Very Old
3036,Very Old
3037,New
3038,Old
3039,Very Old
3040,New
3041,New
3042,Recent
3043,Recent
3044,Very Old
3045,New
3046,Old
3047,Very Old
3048,Old
3049,Old
3050,New
3051,Recent
3052,Very Old
3053,Very Old
3054,Old
3055,New
3056,Very Old
3057,Recent
3058,Old
3059,Recent
3060,New
3061,Recent
3062,Very Old
3063,New
3064,New
3065,Very Old
3066,Recent
3067,New
3068,Old
3069,New
3070,New
3071,Very Old
3072,New
3073,New
3074,Very Old
3075,Recent
3076,Old
3077,Very Old
3078,Very Old
3079,Very Old
3080,Very Old
3081,Old
3082,Old
3083,New
3084,Very Old
3085,New
3086,Old
3087,Old
3088,New
3089,Very Old
3090,New
3091,Very Old
3092,Very Old
3093,Old
3094,Recent
3095,New
3096,Very Old
3097,Recent
3098,New
3099,Recent
3100,Recent
3101,Very Old
3102,New
3103,Recent
3104,Old
3105,New
3106,Recent
3107,Recent
3108,Very Old
3109,New
3110,New
3111,Old
3112,Very Old
3113,Old
3114,Old
3115,New
3116,Very Old
3117,New
3118,Old
3119,Very Old
3120,New
3121,Recent
3122,Recent
3123,Old
3124,New
3125,Old
3126,Recent
3127,Very Old
3128,Recent
3129,Old
3130,Recent
3131,New
3132,Recent
3133,Very Old
3134,New
3135,Very Old
3136,Recent
3137,Very Old
3138,Very Old
3139,Old
3140,Very Old
3141,New
3142,Recent
3143,New
3144,New
3145,New
3146,Very Old
3147,New
3148,Recent
3149,New
3150,New
3151,Old
3152,Recent
3153,Recent
3154,New
3155,Very Old
3156,Recent
3157,Very Old
3158,New
3159,Recent
3160,Old
3161,Recent
3162,Recent
3163,Recent
3164,Very Old
3165,Old
3166,Old
3167,Very Old
3168,New
3169,New
3170,Recent
3171,New
3172,Old
3173,New
3174,New
3175,Recent
3176,Very Old
3177,Old
3178,New
3179,Very Old
3180,Very Old
3181,New
3182,Old
3183,Old
3184,Very Old
3185,New
3186,Old
3187,Old
3188,Very Old
3189,Very Old
3190,Very Old
3191,Very Old
3192,New
3193,New
3194,Recent
3195,Old
3196,Very Old
3197,Old
3198,Old
3199,New
3200,Old
3201,Old
3202,New
3203,Recent
3204,New
3205,Old
3206,Very Old
3207,Very Old
3208,New
3209,Recent
3210,Old
3211,Very Old
3212,Recent
3213,New
3214,Recent
3215,Old
3216,Recent
3217,Recent
3218,Recent
3219,Recent
3220,Very Old
3221,New
3222,Old
3223,Old
3224,Very Old
3225,Old
3226,Very Old
3227,New
3228,Very Old
3229,Recent
3230,Very Old
3231,New
3232,Very Old
3233,Recent
3234,Recent
3235,Recent
3236,Recent
3237,Very Old
3238,Recent
3239,Old
3240,Very Old
3241,Very Old
3242,New
3243,Old
3244,Old
3245,New
3246,Old
3247,Old
3248,Old
3249,Old
3250,Very Old
3251,Very Old
3252,New
3253,Recent
3254,Old
3255,Very Old
3256,New
3257,Recent
3258,Very Old
3259,Very Old
3260,Recent
3261,Old
3262,Old
3263,Recent
3264,Very Old
3265,Recent
3266,Very Old
3267,New
3268,Very Old
3269,Old
3270,New
3271,Very Old
3272,Old
3273,Very Old
3274,Old
3275,New
3276,Recent
3277,Very Old
3278,New
3279,Recent
3280,Recent
3281,Old
3282,New
3283,New
3284,Recent
3285,Very Old
3286,Old
3287,Old
3288,Recent
3289,Old
3290,Recent
3291,Old
3292,Recent
3293,Recent
3294,New
3295,Recent
3296,Very Old
3297,Very Old
3298,Very Old
3299,Old
3300,Very Old
3301,Recent
3302,New
3303,Old
3304,Very Old
3305,Old
3306,New
3307,Old
3308,Recent
3309,Old
3310,New
3311,Very Old
3312,Very Old
3313,Very Old
3314,Very Old
3315,Very Old
3316,New
3317,Recent
3318,Recent
3319,Very Old
3320,Old
3321,New
3322,Recent
3323,New
3324,Old
3325,Very Old
3326,New
3327,Old
3328,Old
3329,Very Old
3330,Very Old
3331,Recent
3332,Old
3333,New
3334,Very Old
3335,Old
3336,Very Old
3337,Old
3338,Recent
3339,New
3340,Recent
3341,Very Old
3342,Very Old
3343,Very Old
3344,New
3345,Old
3346,Recent
3347,New
3348,Very Old
3349,Very Old
3350,Recent
3351,Old
3352,Very Old
3353,Recent
3354,Recent
3355,Old
3356,Very Old
3357,Recent
3358,Recent
3359,Very Old
3360,Old
3361,New
3362,Very Old
3363,Recent
3364,Old
3365,Recent
3366,Old
3367,Old
3368,Recent
3369,Recent
3370,Old
3371,Very Old
3372,Old
3373,Old
3374,New
3375,Old
3376,Very Old
3377,Very Old
3378,Old
3379,New
3380,Old
3381,Very Old
3382,Recent
3383,Recent
3384,Very Old
3385,Recent
3386,Old
3387,Old
3388,Recent
3389,New
3390,Old
3391,Very Old
3392,Very Old
3393,Recent
3394,Old
3395,New
3396,Very Old
3397,Recent
3398,Very Old
3399,Very Old
3400,Old
3401,Old
3402,Recent
3403,New
3404,Very Old
3405,Old
3406,Old
3407,Old
3408,Very Old
3409,New
3410,Very Old
3411,New
3412,Old
3413,New
3414,New
3415,Very Old
3416,Recent
3417,Recent
3418,Recent
3419,Old
3420,New
3421,New
3422,Old
3423,New
3424,New
3425,Recent
3426,Old
3427,Old
3428,Old
3429,Very Old
3430,Recent
3431,Recent
3432,Recent
3433,Old
3434,New
3435,Very Old
3436,Old
3437,Old
3438,Recent
3439,Very Old
3440,Old
3441,Recent
3442,Recent
3443,Very Old
3444,Very Old
3445,Very Old
3446,Recent
3447,Very Old
3448,Very Old
3449,New
3450,New
3451,New
3452,Old
3453,Old
3454,Very Old
3455,New
3456,Recent
3457,Recent
3458,Recent
3459,New
3460,Old
3461,Very Old
3462,Recent
3463,Recent
3464,New
3465,Old
3466,Very Old
3467,Very Old
3468,Very Old
3469,Very Old
3470,Very Old
3471,Old
3472,Very Old
3473,Very Old
3474,Old
3475,Recent
3476,New
3477,New
3478,Very Old
3479,Very Old
3480,New
3481,Very Old
3482,Recent
3483,Recent
3484,Very Old
3485,New
3486,Old
3487,New
3488,Old
3489,Recent
3490,Very Old
3491,Very Old
3492,Very Old
3493,New
3494,New
3495,Very Old
3496,Old
3497,Very Old
3498,Old
3499,Old
3500,Very Old
3501,New
3502,Very Old
3503,Old
3504,Very Old
3505,Old
3506,New
3507,Old
3508,Very Old
3509,Recent
3510,Recent
3511,Very Old
3512,New
3513,Recent
3514,New
3515,Old
3516,Recent
3517,Very Old
3518,Recent
3519,Old
3520,New
3521,New
3522,Very Old
3523,New
3524,Recent
3525,Old
3526,Recent
3527,New
3528,Old
3529,Very Old
3530,Very Old
3531,Recent
3532,Old
3533,Recent
3534,Very Old
3535,New
3536,Recent
3537,Recent
3538,Very Old
3539,New
3540,Old
3541,Recent
3542,Old
3543,Old
3544,Old
3545,Very Old
3546,Very Old
3547,Old
3548,Old
3549,Very Old
3550,Old
3551,Old
3552,New
3553,Very Old
3554,New
3555,Very Old
3556,Very Old
3557,Old
3558,Recent
3559,Very Old
3560,Very Old
3561,Very Old
3562,Very Old
3563,Old
3564,Very Old
3565,New
3566,Old
3567,New
3568,New
3569,Very Old
3570,New
3571,Old
3572,Old
3573,Recent
3574,Very Old
3575,Very Old
3576,Recent
3577,Recent
3578,Very Old
3579,Old
3580,Old
3581,Very Old
3582,Very Old
3583,Old
3584,Recent
3585,Recent
3586,New
3587,Old
3588,Recent
3589,Recent
3590,Recent
3591,Very Old
3592,Very Old
3593,Recent
3594,New
3595,Old
3596,Recent
3597,New
3598,Very Old
3599,Very Old
3600,Very Old
3601,New
3602,Very Old
3603,Recent
3604,Very Old
3605,Very Old
3606,New
3607,Very Old
3608,Recent
3609,Recent
3610,Recent
3611,Very Old
3612,Very Old
3613,Recent
3614,Recent
3615,Very Old
3616,Recent
3617,Very Old
3618,New
3619,Very Old
3620,Old
3621,New
3622,Very Old
3623,New
3624,Very Old
3625,Old
3626,New
3627,Very Old
3628,New
3629,Recent
3630,Old
3631,Recent
3632,Old
3633,New
3634,Very Old
3635,Recent
3636,New
3637,Very Old
3638,Recent
3639,Very Old
3640,Very Old
3641,Recent
3642,New
3643,New
3644,New
3645,Very Old
3646,New
3647,New
3648,New
3649,Very Old
3650,New
3651,Old
3652,Very Old
3653,Recent
3654,Very Old
3655,New
3656,Old
3657,Very Old
3658,Very Old
3659,Very Old
3660,Recent
3661,Very Old
3662,Old
3663,Very Old
3664,New
3665,Very Old
3666,Recent
3667,Old
3668,New
3669,Old
3670,Very Old
3671,Very Old
3672,Very Old
3673,Recent
3674,Old
3675,Recent
3676,Very Old
3677,Very Old
3678,Recent
3679,Recent
3680,Old
3681,Very Old
3682,Very Old
3683,Old
3684,Very Old
3685,Very Old
3686,Very Old
3687,Very Old
3688,Recent
3689,Very Old
3690,Recent
3691,Very Old
3692,New
3693,New
3694,New
3695,Recent
3696,Very Old
3697,Old
3698,Very Old
3699,Recent
3700,New
3701,Old
3702,Very Old
3703,Old
3704,Recent
3705,Very Old
3706,New
3707,Very Old
3708,Old
3709,New
3710,New
3711,Recent
3712,New
3713,Very Old
3714,Very Old
3715,Old
3716,Very Old
3717,Old
3718,Very Old
3719,Old
3720,Old
3721,Very Old
3722,Very Old
3723,Old
3724,Very Old
3725,Recent
3726,Very Old
3727,Old
3728,Recent
3729,Old
3730,Recent
3731,Recent
3732,Very Old
3733,Very Old
3734,New
3735,New
3736,Very Old
3737,Recent
3738,New
3739,Very Old
3740,Old
3741,Very Old
3742,Very Old
3743,Very Old
3744,Recent
3745,New
3746,New
3747,Old
3748,Old
3749,Recent
3750,Very Old
3751,New
3752,Very Old
3753,New
3754,New
3755,Old
3756,New
3757,Very Old
3758,Old
3759,New
3760,New
3761,Recent
3762,Old
3763,Old
3764,Very Old
3765,Recent
3766,Very Old
3767,Very Old
3768,New
3769,Recent
3770,Recent
3771,Recent
3772,Recent
3773,New
3774,Very Old
3775,Recent
3776,Old
3777,Recent
3778,Recent
3779,Very Old
3780,Old
3781,New
3782,Old
3783,Old
3784,Recent
3785,Old
3786,New
3787,Very Old
3788,Very Old
3789,Old
3790,Very Old
3791,Recent
3792,Recent
3793,Very Old
3794,New
3795,Recent
3796,New
3797,Recent
3798,Very Old
3799,Recent
3800,Recent
3801,Recent
3802,Old
3803,Very Old
3804,Recent
3805,New
3806,Old
3807,Old
3808,New
3809,New
3810,Very Old
3811,Old
3812,New
3813,Very Old
3814,Very Old
3815,Old
3816,Old
3817,Recent
3818,Old
3819,Very Old
3820,Recent
3821,Very Old
3822,Recent
3823,Old
3824,Old
3825,Recent
3826,Very Old
3827,Old
3828,Old
3829,Old
3830,Old
3831,Very Old
3832,Very Old
3833,Very Old
3834,Recent
3835,Very Old
3836,Recent
3837,Very Old
3838,Very Old
3839,Very Old
3840,New
3841,New
3842,New
3843,New
3844,Very Old
3845,Recent
3846,New
3847,Old
3848,Recent
3849,Very Old
3850,Recent
3851,Recent
3852,Very Old
3853,Very Old
3854,Old
3855,Old
3856,New
3857,Recent
3858,Very Old
3859,Old
3860,Recent
3861,Old
3862,Recent
3863,Very Old
3864,Recent
3865,Recent
3866,Recent
3867,New
3868,Old
3869,Very Old
3870,New
3871,Very Old
3872,Recent
3873,Very Old
3874,Old
3875,New
3876,Old
3877,Recent
3878,Recent
3879,Very Old
3880,New
3881,New
3882,Old
3883,Old
3884,New
3885,Old
3886,New
3887,New
3888,Very Old
3889,Recent
3890,New
3891,Very Old
3892,Very Old
3893,Very Old
3894,Old
3895,Old
3896,Very Old
3897,Recent
3898,New
3899,Very Old
3900,Recent
3901,New
3902,Old
3903,Very Old
3904,Recent
3905,Old
3906,Old
3907,Very Old
3908,Very Old
3909,New
3910,Very Old
3911,New
3912,Very Old
3913,Old
3914,Old
3915,Recent
3916,Very Old
3917,Very Old
3918,New
3919,Old
3920,Old
3921,Very Old
3922,Recent
3923,Recent
3924,New
3925,Old
3926,Very Old
3927,New
3928,Very Old
3929,Recent
3930,Very Old
3931,Old
3932,Recent
3933,Very Old
3934,Very Old
3935,Very Old
3936,New
3937,Very Old
3938,Very Old
3939,Very Old
3940,Very Old
3941,Very Old
3942,Very Old
3943,Old
3944,Very Old
3945,Very Old
3946,Very Old
3947,New
3948,Very Old
3949,Very Old
3950,Old
3951,Very Old
3952,Very Old
3953,Very Old
3954,Very Old
3955,Recent
3956,Old
3957,Old
3958,Very Old
3959,Very Old
3960,New
3961,Old
3962,Recent
3963,Very Old
3964,Old
3965,Recent
3966,Old
3967,New
3968,Very Old
3969,Recent
3970,Recent
3971,Recent
3972,Very Old
3973,Old
3974,New
3975,New
3976,Recent
3977,New
3978,New
3979,New
3980,Old
3981,Very Old
3982,Very Old
3983,Recent
3984,Recent
3985,Recent
3986,New
3987,New
3988,Very Old
3989,Old
3990,New
3991,Very Old
3992,Recent
3993,Recent
3994,Very Old
3995,New
3996,Very Old
3997,New
3998,Very Old
3999,New
4000,Old
4001,Very Old
4002,Very Old
4003,Recent
4004,Old
4005,Very Old
4006,Recent
4007,Recent
4008,Old
4009,Old
4010,Old
4011,New
4012,Old
4013,New
4014,Old
4015,Very Old
4016,New
4017,Old
4018,Old
4019,New
4020,Very Old
4021,New
4022,Very Old
4023,Recent
4024,Very Old
4025,Very Old
4026,Very Old
4027,Old
4028,Recent
4029,Very Old
4030,New
4031,Very Old
4032,Very Old
4033,Very Old
4034,New
4035,New
4036,Very Old
4037,Recent
4038,Very Old
4039,Old
4040,Recent
4041,Recent
4042,Very Old
4043,Old
4044,Very Old
4045,Recent
4046,Recent
4047,Very Old
4048,Recent
4049,Recent
4050,Very Old
4051,Recent
4052,Old
4053,New
4054,Recent
4055,Recent
4056,Very Old
4057,New
4058,Recent
4059,New
4060,Old
4061,Old
4062,Recent
4063,Very Old
4064,Old
4065,New
4066,Very Old
4067,Recent
4068,New
4069,Recent
4070,Very Old
4071,Very Old
4072,Old
4073,Very Old
4074,Very Old
4075,Old
4076,Old
4077,Very Old
4078,Old
4079,Very Old
4080,Old
4081,New
4082,New
4083,New
4084,Very Old
4085,Very Old
4086,Very Old
4087,Very Old
4088,Very Old
4089,New
4090,Old
4091,Recent
4092,Old
4093,New
4094,Recent
4095,Very Old
4096,Recent
4097,New
4098,Very Old
4099,Old
4100,Old
4101,New
4102,Old
4103,Recent
4104,New
4105,Old
4106,Recent
4107,Recent
4108,Recent
4109,Recent
4110,Very Old
4111,Old
4112,New
4113,Recent
4114,Very Old
4115,Old
4116,Recent
4117,Very Old
4118,Old
4119,Recent
4120,New
4121,Very Old
4122,Very Old
4123,Old
4124,Very Old
4125,Old
4126,New
4127,Recent
4128,Very Old
4129,Old
4130,New
4131,Very Old
4132,Old
4133,Recent
4134,New
4135,Recent
4136,Old
4137,Recent
4138,Very Old
4139,New
4140,New
4141,Recent
4142,Very Old
4143,Very Old
4144,Recent
4145,Recent
4146,Old
4147,Recent
4148,New
4149,Recent
4150,Old
4151,Old
4152,Very Old
4153,Old
4154,Very Old
4155,New
4156,Very Old
4157,New
4158,New
4159,Recent
4160,New
4161,Very Old
4162,Old
4163,Old
4164,Old
4165,Very Old
4166,Very Old
4167,Very Old
4168,New
4169,Very Old
4170,New
4171,Old
4172,Recent
4173,Old
4174,New
4175,New
4176,Very Old
4177,Very Old
4178,Old
4179,Recent
4180,Very Old
4181,Recent
4182,Old
4183,Old
4184,Very Old
4185,New
4186,New
4187,Old
4188,New
4189,Recent
4190,Very Old
4191,Very Old
4192,Very Old
4193,Very Old
4194,Very Old
4195,Recent
4196,Old
4197,Old
4198,Very Old
4199,Very Old
4200,Recent
4201,Recent
4202,Old
4203,Old
4204,Very Old
4205,New
4206,Recent
4207,Very Old
4208,Very Old
4209,New
4210,New
4211,Old
4212,Recent
4213,Recent
4214,Old
4215,Old
4216,Old
4217,Old
4218,New
4219,Old
4220,Very Old
4221,New
4222,Recent
4223,Recent
4224,New
4225,Very Old
4226,Old
4227,New
4228,Very Old
4229,Very Old
4230,Old
4231,Recent
4232,Very Old
4233,Very Old
4234,Old
4235,Very Old
4236,Very Old
4237,Recent
4238,Very Old
4239,New
4240,Recent
4241,Old
4242,Old
4243,New
4244,Very Old
4245,Very Old
4246,Recent
4247,Recent
4248,Very Old
4249,Old
4250,Old
4251,Very Old
4252,New
4253,Recent
4254,Very Old
4255,Very Old
4256,Very Old
4257,Old
4258,Recent
4259,Recent
4260,Very Old
4261,Very Old
4262,New
4263,Old
4264,New
4265,Recent
4266,Very Old
4267,New
4268,Recent
4269,Old
4270,Very Old
4271,Old
4272,Very Old
4273,Recent
4274,Very Old
4275,Very Old
4276,Recent
4277,Old
4278,Very Old
4279,Recent
4280,Recent
4281,Old
4282,New
4283,Very Old
4284,Very Old
4285,Very Old
4286,Recent
4287,Recent
4288,Very Old
4289,New
4290,Very Old
4291,Very Old
4292,Very Old
4293,Recent
4294,Old
4295,New
4296,Recent
4297,Old
4298,Recent
4299,New
4300,Old
4301,Recent
4302,Old
4303,Very Old
4304,Recent
4305,Old
4306,Old
4307,New
4308,Recent
4309,Old
4310,Recent
4311,Recent
4312,Recent
4313,Recent
4314,Very Old
4315,New
4316,New
4317,Old
4318,Recent
4319,New
4320,New
4321,Recent
4322,Recent
4323,New
4324,Old
4325,Very Old
4326,Old
4327,New
4328,Old
4329,Recent
4330,New
4331,New
4332,New
4333,New
4334,Very Old
4335,Recent
4336,Old
4337,Old
4338,Very Old
4339,Very Old
4340,Recent
4341,Old
4342,Very Old
4343,Old
4344,Recent
4345,Recent
4346,Old
4347,Recent
4348,New
4349,New
4350,Very Old
4351,Very Old
4352,Old
4353,New
4354,Very Old
4355,Very Old
4356,Old
4357,Very Old
4358,Old
4359,New
4360,Very Old
4361,Old
4362,Very Old
4363,New
4364,Recent
4365,Old
4366,Recent
4367,Old
4368,Recent
4369,Very Old
4370,Old
4371,Recent
4372,Very Old
4373,New
4374,Very Old
4375,New
4376,Very Old
4377,Very Old
4378,New
4379,Very Old
4380,Recent
4381,Very Old
4382,New
4383,Old
4384,Recent
4385,Recent
4386,Very Old
4387,Recent
4388,Recent
4389,New
4390,Very Old
4391,New
4392,Old
4393,Very Old
4394,New
4395,Old
4396,Recent
4397,Old
4398,Old
4399,Very Old
4400,Recent
4401,New
4402,Very Old
4403,Very Old
4404,Old
4405,Old
4406,New
4407,Recent
4408,Old
4409,New
4410,Recent
4411,Recent
4412,New
4413,Old
4414,Old
4415,Old
4416,New
4417,Old
4418,Very Old
4419,Old
4420,Old
4421,Recent
4422,New
4423,Very Old
4424,Recent
4425,Very Old
4426,Recent
4427,Very Old
4428,Very Old
4429,Very Old
4430,Recent
4431,Very Old
4432,Very Old
4433,Old
4434,Very Old
4435,Recent
4436,Recent
4437,Very Old
4438,Recent
4439,Very Old
4440,Very Old
4441,New
4442,Very Old
4443,Recent
4444,Very Old
4445,Recent
4446,New
4447,Very Old
4448,New
4449,Recent
4450,New
4451,Recent
4452,Recent
4453,Old
4454,Recent
4455,Very Old
4456,Recent
4457,Very Old
4458,Very Old
4459,Very Old
4460,Recent
4461,Old
4462,Recent
4463,New
4464,New
4465,New
4466,New
4467,Very Old
4468,New
4469,Very Old
4470,Very Old
4471,Very Old
4472,New
4473,Very Old
4474,Very Old
4475,New
4476,Old
4477,New
4478,Very Old
4479,New
4480,Very Old
4481,Old
4482,Very Old
4483,New
4484,Old
4485,New
4486,New
4487,New
4488,Recent
4489,Very Old
4490,Recent
4491,Very Old
4492,Old
4493,Very Old
4494,Old
4495,New
4496,Very Old
4497,Recent
4498,Very Old
4499,Very Old
4500,Very Old
4501,Recent
4502,Recent
4503,Recent
4504,Recent
4505,Very Old
4506,Very Old
4507,Recent
4508,Old
4509,Very Old
4510,Recent
4511,Recent
4512,Old
4513,Old
4514,Old
4515,Recent
4516,Very Old
4517,Old
4518,New
4519,Recent
4520,Old
4521,Old
4522,Recent
4523,Recent
4524,Recent
4525,Very Old
4526,Recent
4527,Recent
4528,Old
4529,New
4530,Old
4531,New
4532,Very Old
4533,Recent
4534,New
4535,New
4536,Old
4537,Old
4538,New
4539,New
4540,Old
4541,Very Old
4542,New
4543,New
4544,New
4545,New
4546,Old
4547,New
4548,New
4549,Recent
4550,Old
4551,New
4552,Very Old
4553,New
4554,Recent
4555,Recent
4556,Recent
4557,Old
4558,Old
4559,Very Old
4560,New
4561,Recent
4562,Very Old
4563,Very Old
4564,Old
4565,Old
4566,Old
4567,Very Old
4568,Very Old
4569,Old
4570,Old
4571,Old
4572,Old
4573,Very Old
4574,Very Old
4575,New
4576,Old
4577,Very Old
4578,Recent
4579,New
4580,New
4581,Very Old
4582,Recent
4583,Very Old
4584,Old
4585,Recent
4586,Old
4587,Old
4588,Very Old
4589,Recent
4590,Very Old
4591,New
4592,Very Old
4593,New
4594,Very Old
4595,Recent
4596,Old
4597,Old
4598,Very Old
4599,New
4600,Old
4601,Very Old
4602,Very Old
4603,New
4604,New
4605,Very Old
4606,Old
4607,New
4608,Very Old
4609,Old
4610,Old
4611,Old
4612,Recent
4613,Old
4614,Recent
4615,Very Old
4616,Very Old
4617,Recent
4618,New
4619,New
4620,Old
4621,Old
4622,Very Old
4623,Very Old
4624,Recent
4625,Very Old
4626,Old
4627,Very Old
4628,Very Old
4629,Very Old
4630,Recent
4631,Old
4632,Very Old
4633,Old
4634,Old
4635,Recent
4636,New
4637,New
4638,Very Old
4639,Recent
4640,New
4641,New
4642,Very Old
4643,Recent
4644,Recent
4645,Very Old
4646,Old
4647,New
4648,Very Old
4649,Old
4650,Very Old
4651,Old
4652,Very Old
4653,Recent
4654,Very Old
4655,New
4656,New
4657,Very Old
4658,New
4659,Old
4660,New
4661,Very Old
4662,Old
4663,Recent
4664,Very Old
4665,Recent
4666,New
4667,New
4668,Very Old
4669,Old
4670,New
4671,New
4672,Old
4673,Old
4674,Very Old
4675,Very Old
4676,Very Old
4677,Very Old
4678,Very Old
4679,Recent
4680,Old
4681,Very Old
4682,Recent
4683,New
4684,Recent
4685,Old
4686,New
4687,Very Old
4688,Old
4689,Very Old
4690,Very Old
4691,Old
4692,New
4693,Very Old
4694,Recent
4695,Old
4696,Very Old
4697,Recent
4698,New
4699,Very Old
4700,Very Old
4701,Old
4702,Old
4703,Old
4704,Recent
4705,Recent
4706,Very Old
4707,Recent
4708,Recent
4709,Old
4710,Recent
4711,Recent
4712,Very Old
4713,New
4714,Very Old
4715,Very Old
4716,New
4717,Old
4718,Recent
4719,New
4720,Very Old
4721,New
4722,Very Old
4723,New
4724,New
4725,Old
4726,Recent
4727,Very Old
4728,Very Old
4729,Recent
4730,New
4731,Very Old
4732,New
4733,Very Old
4734,Very Old
4735,Very Old
4736,Very Old
4737,New
4738,Very Old
4739,Recent
4740,Old
4741,Old
4742,Old
4743,New
4744,New
4745,Old
4746,Old
4747,Very Old
4748,Recent
4749,Old
4750,New
4751,Recent
4752,New
4753,Very Old
4754,Old
4755,Very Old
4756,Recent
4757,Recent
4758,Old
4759,Old
4760,Old
4761,Old
4762,Recent
4763,Recent
4764,New
4765,Very Old
4766,Recent
4767,Very Old
4768,Very Old
4769,New
4770,New
4771,Very Old
4772,Old
4773,Very Old
4774,Old
4775,Old
4776,Very Old
4777,New
4778,Old
4779,New
4780,Recent
4781,Very Old
4782,Very Old
4783,New
4784,Old
4785,Recent
4786,Old
4787,New
4788,Very Old
4789,Recent
4790,New
4791,Recent
4792,Very Old
4793,Recent
4794,New
4795,Recent
4796,Very Old
4797,Recent
4798,Recent
4799,Very Old
4800,Very Old
4801,New
4802,New
4803,Old
4804,Very Old
4805,Old
4806,Old
4807,Very Old
4808,Recent
4809,Very Old
4810,Recent
4811,Recent
4812,Recent
4813,New
4814,New
4815,Very Old
4816,Recent
4817,Very Old
4818,Recent
4819,Old
4820,Recent
4821,New
4822,Very Old
4823,Very Old
4824,Very Old
4825,Very Old
4826,Old
4827,Recent
4828,Very Old
4829,Old
4830,Old
4831,New
4832,New
4833,Very Old
4834,Very Old
4835,Recent
4836,Old
4837,Very Old
4838,Old
4839,Very Old
4840,Recent
4841,Old
4842,Very Old
4843,New
4844,Recent
4845,Recent
4846,Recent
4847,Very Old
4848,Very Old
4849,New
4850,New
4851,Old
4852,Recent
4853,Very Old
4854,New
4855,Recent
4856,Old
4857,Very Old
4858,Very Old
4859,Very Old
4860,Recent
4861,Old
4862,New
4863,New
4864,Very Old
4865,Recent
4866,Recent
4867,Recent
4868,Recent
4869,Recent
4870,Recent
4871,Recent
4872,New
4873,Old
4874,Recent
4875,Old
4876,Recent
4877,New
4878,New
4879,Recent
4880,Recent
4881,Very Old
4882,Very Old
4883,New
4884,Recent
4885,New
4886,Recent
4887,Recent
4888,Recent
4889,Recent
4890,New
4891,Old
4892,Very Old
4893,Old
4894,Old
4895,Recent
4896,New
4897,Old
4898,Old
4899,Very Old
4900,Very Old
4901,New
4902,Very Old
4903,Very Old
4904,Very Old
4905,New
4906,Very Old
4907,Old
4908,New
4909,Old
4910,Recent
4911,New
4912,Very Old
4913,New
4914,Recent
4915,Old
4916,Recent
4917,Very Old
4918,New
4919,New
4920,Very Old
4921,Old
4922,New
4923,Old
4924,Recent
4925,Old
4926,Old
4927,Old
4928,Very Old
4929,Recent
4930,New
4931,Very Old
4932,Very Old
4933,Very Old
4934,Very Old
4935,Recent
4936,Old
4937,Old
4938,Old
4939,Old
4940,Very Old
4941,Very Old
4942,Recent
4943,New
4944,New
4945,Old
4946,Recent
4947,New
4948,Very Old
4949,Recent
4950,New
4951,New
4952,Recent
4953,Recent
4954,New
4955,Old
4956,Very Old
4957,New
4958,New
4959,Recent
4960,Recent
4961,Recent
4962,Very Old
4963,Recent
4964,New
4965,New
4966,Very Old
4967,New
4968,Old
4969,Very Old
4970,Old
4971,Very Old
4972,Recent
4973,Old
4974,Recent
4975,Old
4976,Old
4977,Recent
4978,New
4979,Old
4980,Very Old
4981,Very Old
4982,Recent
4983,New
4984,Very Old
4985,Very Old
4986,Recent
4987,Recent
4988,Very Old
4989,Very Old
4990,Old
4991,Old
4992,Very Old
4993,New
4994,New
4995,Very Old
4996,New
4997,Very Old
4998,Very Old
4999,Very Old
5000,Very Old
5001,New
5002,New
5003,New
5004,Old
5005,Very Old
5006,New
5007,Very Old
5008,Very Old
5009,New
5010,Old
5011,Old
5012,Very Old
5013,New
5014,Recent
5015,New
5016,New
5017,New
5018,New
5019,Very Old
5020,Recent
5021,Old
5022,Old
5023,Old
5024,Recent
5025,New
5026,Very Old
5027,Very Old
5028,Recent
5029,Old
5030,Recent
5031,Old
5032,Old
5033,Recent
5034,Very Old
5035,Very Old
5036,Very Old
5037,New
5038,Very Old
5039,Recent
5040,Recent
5041,New
5042,New
5043,Very Old
5044,New
5045,Recent
5046,Old
5047,Recent
5048,Recent
5049,Old
5050,New
5051,Old
5052,Old
5053,New
5054,New
5055,Recent
5056,New
5057,Recent
5058,Very Old
5059,Very Old
5060,Very Old
5061,Recent
5062,New
5063,New
5064,Old
5065,Very Old
5066,Very Old
5067,Old
5068,Old
5069,Recent
5070,Very Old
5071,New
5072,Old
5073,Old
5074,New
5075,Old
5076,New
5077,Recent
5078,Recent
5079,Recent
5080,Old
5081,New
5082,Very Old
5083,Old
5084,Recent
5085,Old
5086,Old
5087,Old
5088,Recent
5089,Very Old
5090,Very Old
5091,Very Old
5092,Very Old
5093,Old
5094,Old
5095,Very Old
5096,Very Old
5097,Very Old
5098,Very Old
5099,Recent
5100,Old
